Category,Sub-Category,Example Question,Answer
Academic Matters,Course Registration,How do I register for my courses next semester?,You can register through the Student Portal under Course Registration.
Academic Matters,Course Registration,When does course registration usually open?,Registration dates are listed in the academic calendar.
Academic Matters,Course Registration,What should I do if a course is full?,You can request capacity review from your department.
Academic Matters,Course Registration,I can’t register due to a prerequisite error. What do I do?,Contact your academic advisor to verify your prerequisites.
Academic Matters,Course Registration,How do I add or drop a course?,Use the add/drop function in the Student Portal.
Academic Matters,Course Registration,When is the add/drop deadline?,The deadline is shown in the academic calendar on the UTP website.
Academic Matters,Course Registration,How do I check if I am eligible to register?,Ensure you have no outstanding fees and have met prerequisites.
Academic Matters,Course Registration,Can I retake a course I failed?,"Yes, you may retake the course in the next available semester."
Academic Matters,Course Registration,How do I register for a lab session?,Select your preferred lab slot during course registration.
Academic Matters,Course Registration,Can I register late?,Late registration is only allowed with approval.
Academic Matters,Course Registration,Why can’t I see a course in the portal?,It may not be offered this semester or may be restricted.
Academic Matters,Course Registration,How do I know my curriculum structure?,You can check it in the Student Portal under Academic Information.
Academic Matters,Course Registration,Can I take more credits than the limit?,You need approval from your faculty.
Academic Matters,Course Registration,How do I register for FYP?,It appears as a course in the portal when you are eligible.
Academic Matters,Course Registration,How do I register for internship?,"Internship registration is done through the internship system, not the portal."
Academic Matters,Course Registration,How do I change tutorial groups?,Contact your department or tutor to request a change.
Academic Matters,Course Registration,What does “not eligible” mean during registration?,You may have unmet prerequisites or unpaid fees.
Academic Matters,Course Registration,Can I register for courses from other departments?,"Yes, if they are open electives and have available slots."
Academic Matters,Course Registration,How do I confirm my registered courses?,Check your course list in the Student Portal.
Academic Matters,Course Registration,What should I do if I accidentally dropped a course?,Re-add it before the deadline or contact your faculty.
Academic Matters,Course Registration,How do I check credit hours?,Your curriculum structure shows all required credits.
Academic Matters,Course Registration,What are elective courses?,Electives are optional courses chosen from a list.
Academic Matters,Course Registration,Can I swap lab groups?,Some courses allow swapping; ask the lecturer in charge.
Academic Matters,Course Registration,How many credit hours can I take per semester?,The limit depends on your program’s academic policy.
Academic Matters,Course Registration,How do I join a waiting list for a course?,Some departments allow it; contact them directly.
Academic Matters,Course Registration,Can I drop a course after the deadline?,Only with special approval.
Academic Matters,Course Registration,Do I need advisor approval for registration?,Some programs require it; check with your advisor.
Academic Matters,Course Registration,What do I do if my portal shows an “advisor hold”?,Contact your academic advisor to clear it.
Academic Matters,Course Registration,How do I change my major?,Submit a program change request through your faculty.
Academic Matters,Course Registration,How do I check my class list?,It is available in your portal after registration.
Academic Matters,Course Registration,What is the minimum credit load?,It depends on your program’s academic rules.
Academic Matters,Exams & Results,When will the final exam schedule be posted?,It is usually released a few weeks before exams start.
Academic Matters,Exams & Results,How do I know my exam venue?,It will be stated in the exam timetable.
Academic Matters,Exams & Results,Where do I check my exam results?,You can view them in the Student Portal.
Academic Matters,Exams & Results,How do I appeal my grade?,Submit a grade review request through your faculty.
Academic Matters,Exams & Results,What happens if I miss an exam?,You must submit a valid reason for special consideration.
Academic Matters,Exams & Results,How do I apply for a makeup exam?,Contact your faculty and submit supporting documents.
Academic Matters,Exams & Results,What is the passing grade for a course?,It depends on your program’s grading policy.
Academic Matters,Exams & Results,How do I view my CGPA?,Your CGPA is shown in the Student Portal under results.
Academic Matters,Exams & Results,Why is my grade not displayed yet?,Some results may still be under verification.
Academic Matters,Exams & Results,How are grades calculated?,"They are based on assessments, assignments, and exams."
Academic Matters,Exams & Results,Can I check my exam paper?,Some lecturers allow review sessions after results are released.
Academic Matters,Exams & Results,What is a supplementary exam?,It is a makeup exam for those who qualify.
Academic Matters,Exams & Results,How do I apply for a remarking?,Submit a request through your faculty office.
Academic Matters,Exams & Results,When is the exam week?,It is listed in the academic calendar.
Academic Matters,Exams & Results,Can I bring a calculator to exams?,Only approved calculators are allowed.
Academic Matters,Exams & Results,What should I bring to exams?,Bring your student ID and required materials.
Academic Matters,Exams & Results,How do I submit medical proof for missed exams?,Upload documents to the portal or submit physically at the faculty.
Academic Matters,Exams & Results,What is considered cheating?,Any unauthorized aid or violation of exam rules.
Academic Matters,Exams & Results,How do I check the exam seating plan?,It is posted before exams begin.
Academic Matters,Exams & Results,When will midterm results be out?,It depends on each lecturer’s timeline.
Academic Matters,Exams & Results,Can I request extra time for exams?,Only students with approved accommodations may receive extra time.
Academic Matters,Exams & Results,How is coursework percentage calculated?,Lecturers provide the breakdown in the course outline.
Academic Matters,Exams & Results,How long does grade appeal take?,Processing time varies by faculty.
Academic Matters,Exams & Results,Why is my GPA low this semester?,It depends on the grades you earned.
Academic Matters,Exams & Results,How do I improve my CGPA?,Focus on achieving better grades in upcoming semesters.
Academic Matters,Exams & Results,What does “I” grade mean?,It usually means incomplete assessment.
Academic Matters,Timetable & Calendar,Where can I download the academic calendar?,It is available on the UTP website and portal.
Academic Matters,Timetable & Calendar,When does the semester start?,Check the academic calendar for the official date.
Academic Matters,Timetable & Calendar,How do I check my class timetable?,Your timetable is visible in the Student Portal.
Academic Matters,Timetable & Calendar,Will classes be replaced if there’s a public holiday?,Lecturers usually arrange replacement classes.
Academic Matters,Timetable & Calendar,When is the mid-semester break?,It is shown in the academic calendar.
Academic Matters,Timetable & Calendar,How do I know which classroom my lecture is in?,It is listed in your timetable.
Academic Matters,Timetable & Calendar,What time do classes usually start?,"Most classes begin in the morning, depending on schedule."
Academic Matters,Timetable & Calendar,How do I check for timetable clashes?,The portal will show a conflict warning during registration.
Academic Matters,Timetable & Calendar,Can I request a timetable change?,Only under special circumstances through your faculty.
Academic Matters,Timetable & Calendar,When is study week?,It is listed in the academic calendar.
Academic Matters,Timetable & Calendar,How long is a typical lecture session?,Most sessions last 1–3 hours depending on the course.
Academic Matters,Timetable & Calendar,Why is my timetable empty?,You may not have registered for courses yet.
Academic Matters,Timetable & Calendar,When are lab sessions held?,Lab times are shown in your registered timetable.
Academic Matters,Timetable & Calendar,When are tutorial sessions scheduled?,They are included in your official timetable.
Academic Matters,Timetable & Calendar,How do I check if a class is cancelled?,Lecturers usually inform through email or MS Teams.
Academic Matters,Timetable & Calendar,When is the add/drop week?,It is listed in the academic calendar.
Academic Matters,Timetable & Calendar,Can I have evening classes?,Some courses may schedule sessions in the evening.
Academic Matters,Timetable & Calendar,Why did my class venue change?,Venue changes are updated by the faculty or lecturer.
Academic Matters,Timetable & Calendar,How do I view the full academic schedule?,You can find it on the UTP official website.
Academic Matters,Timetable & Calendar,When do exam weeks start?,Check the final exam timetable.
Academic Matters,Timetable & Calendar,How long is the semester?,Typically around 14 weeks of classes.
Academic Matters,Timetable & Calendar,When is the final week of classes?,Check your academic calendar for the date.
Academic Matters,Timetable & Calendar,Can I have classes on weekends?,Some replacement classes may occur on weekends.
Academic Matters,Timetable & Calendar,Who updates the timetable?,It is managed by the academic department.
Academic Matters,Timetable & Calendar,How do I check for special holidays?,They are listed in the academic calendar.
Academic Matters,Timetable & Calendar,Why is one of my classes missing from the timetable?,It may not be assigned a venue yet.
Academic Matters,Timetable & Calendar,When do exam timetables release?,Typically a few weeks before the exam period.
Academic Matters,Timetable & Calendar,How do I confirm replacement classes?,Lecturers usually provide the updated schedule.
Academic Matters,Timetable & Calendar,Will the timetable change after registration?,It may change if the faculty updates venue or time.
Campus Facilities,Library (IRC),What are the opening hours for the IRC?,The IRC is usually open daily; check the official schedule for exact hours.
Campus Facilities,Library (IRC),How do I book a discussion room in the IRC?,You can book rooms through the IRC booking system online.
Campus Facilities,Library (IRC),Can I borrow books from the IRC?,"Yes, just use your student ID to borrow books at the counter."
Campus Facilities,Library (IRC),How many books can I borrow at one time?,The borrowing limit depends on your student status.
Campus Facilities,Library (IRC),How long can I borrow a book?,Loan duration varies by material type.
Campus Facilities,Library (IRC),What happens if I return a book late?,You may be charged a late fee.
Campus Facilities,Library (IRC),How do I renew borrowed books?,You can renew them through the online library system.
Campus Facilities,Library (IRC),Does the IRC have e-books?,"Yes, the IRC provides access to various digital resources."
Campus Facilities,Library (IRC),Can I access digital journals from home?,"Yes, log in with your student credentials."
Campus Facilities,Library (IRC),Where can I find past exam papers?,Some past papers are available on the IRC portal.
Campus Facilities,Library (IRC),Is printing available in the IRC?,"Yes, printing services are available for students."
Campus Facilities,Library (IRC),Does the IRC provide scanning services?,"Yes, scanners are available for student use."
Campus Facilities,Library (IRC),Where is the silent study area?,It is located on the upper floor of the IRC.
Campus Facilities,Library (IRC),Are food and drinks allowed in the IRC?,"Typically, only water is allowed; food is prohibited."
Campus Facilities,Library (IRC),Can I bring visitors into the IRC?,Access is restricted to UTP students and staff only.
Campus Facilities,Library (IRC),How do I search for a book?,Use the online library catalog.
Campus Facilities,Library (IRC),Do I need an account to access digital journals?,"Yes, use your UTP login credentials."
Campus Facilities,Library (IRC),Is Wi-Fi available in the library?,"Yes, campus Wi-Fi covers the IRC area."
Campus Facilities,Library (IRC),Can I reserve a seat?,Seat reservations are not usually offered.
Campus Facilities,Library (IRC),Where can I get help finding a book?,Approach the IRC help desk.
Campus Facilities,Library (IRC),Are group discussions allowed inside the IRC?,Only in designated discussion rooms.
Campus Facilities,Library (IRC),How do I check my loan history?,Log in to the library system to view it.
Campus Facilities,Library (IRC),Can I request a book that is currently borrowed?,"Yes, you can place a reservation."
Campus Facilities,Library (IRC),Does the IRC have newspaper archives?,"Yes, both physical and digital newspapers are available."
Campus Facilities,Labs & Classrooms,Where is Block 13 located?,Block 13 is located within the academic buildings area.
Campus Facilities,Labs & Classrooms,How do I find my classroom?,Check your timetable for block and room number.
Campus Facilities,Labs & Classrooms,Are labs open on weekends?,Some labs may open upon request or special approval.
Campus Facilities,Labs & Classrooms,Where can I find the computer labs?,They are located in various academic blocks.
Campus Facilities,Labs & Classrooms,How do I request access to a lab?,Contact your lecturer or lab technician.
Campus Facilities,Labs & Classrooms,Can I use labs outside of class hours?,Only with permission from lab staff.
Campus Facilities,Labs & Classrooms,Where is the Chancellor Hall?,It is located near the main campus entrance.
Campus Facilities,Labs & Classrooms,How do I check if a lab is free?,Some schedules are posted; ask the lab technician.
Campus Facilities,Labs & Classrooms,Are classrooms air-conditioned?,"Yes, most rooms are air-conditioned."
Campus Facilities,Labs & Classrooms,How do I report a broken chair or equipment?,Inform the faculty office or lab staff.
Campus Facilities,Labs & Classrooms,Can I book a classroom for club activities?,"Yes, through the student activities office."
Campus Facilities,Labs & Classrooms,Where can I find lecture halls?,They are located in designated academic blocks.
Campus Facilities,Labs & Classrooms,How do I know my lab group?,It is assigned by your lecturer or shown in the portal.
Campus Facilities,Labs & Classrooms,Can I charge my laptop in the classroom?,"Yes, classrooms usually have power outlets."
Campus Facilities,Labs & Classrooms,Are projectors available in lecture rooms?,"Yes, most rooms are equipped with projectors."
Campus Facilities,Labs & Classrooms,How do I report a faulty projector?,Inform the lecturer or technical support.
Campus Facilities,Labs & Classrooms,Where is the exam hall?,The location is stated in the exam timetable.
Campus Facilities,Labs & Classrooms,Are labs supervised by staff?,"Yes, lab technicians are usually present."
Campus Facilities,Labs & Classrooms,Can I print in the computer lab?,Some labs offer printing services.
Campus Facilities,Labs & Classrooms,Are whiteboards available?,"Yes, most classrooms have whiteboards."
Campus Facilities,Labs & Classrooms,Do classrooms have Wi-Fi?,"Yes, campus Wi-Fi covers academic blocks."
Campus Facilities,Labs & Classrooms,Where is Block B?,It is part of the main academic building cluster.
Campus Facilities,Labs & Classrooms,Can I enter labs without safety gear?,"No, safety gear is required for specific labs."
Campus Facilities,Labs & Classrooms,How do I request a lab assistant’s help?,Approach the technician on duty.
Campus Facilities,Labs & Classrooms,Are lab coats provided?,Some departments provide them; others require personal purchase.
Campus Facilities,Labs & Classrooms,Where can I find the engineering labs?,They are located in the engineering blocks.
Campus Facilities,Labs & Classrooms,Are classrooms cleaned daily?,"Yes, facilities staff maintain them regularly."
Campus Facilities,Labs & Classrooms,How do I get access to specialized equipment?,Your lecturer must approve your request.
Campus Facilities,Labs & Classrooms,Where do tutorials usually take place?,In assigned classrooms listed on your timetable.
Campus Facilities,General Facilities,Where is the nearest surau located?,Surau facilities are available across campus blocks.
Campus Facilities,General Facilities,Is the gym open today?,Check the latest operating hours posted by the sports unit.
Campus Facilities,General Facilities,Where can I print documents on campus?,Printing shops are available in the academic and commercial areas.
Campus Facilities,General Facilities,Where is the swimming pool?,It is located near the sports complex.
Campus Facilities,General Facilities,How do I book the sports hall?,You can book through the sports unit office.
Campus Facilities,General Facilities,Are there vending machines on campus?,"Yes, vending machines are located in many buildings."
Campus Facilities,General Facilities,Where is the cafeteria?,It is located in multiple spots across campus.
Campus Facilities,General Facilities,Is there a convenience store in UTP?,"Yes, there are convenience stores in the commercial area."
Campus Facilities,General Facilities,Where are the student lounges?,They can be found in selected academic buildings.
Campus Facilities,General Facilities,How do I access the prayer rooms?,Most prayer rooms are open to all students.
Campus Facilities,General Facilities,Where is the bus pickup area?,Check the designated shuttle pickup points.
Campus Facilities,General Facilities,Are ATMs available on campus?,"Yes, ATMs are located in the commercial center."
Campus Facilities,General Facilities,Where is the health center?,The UTP Clinic is near the residential area.
Campus Facilities,General Facilities,How do I use the laundry facilities?,Coin-operated machines are available in residential villages.
Campus Facilities,General Facilities,Are microwaves available for students?,Some cafes provide microwaves for use.
Campus Facilities,General Facilities,Is there a study space outside the library?,"Yes, many academic blocks have open study areas."
Campus Facilities,General Facilities,Where can I refill my water bottle?,Water dispensers are placed around campus.
Campus Facilities,General Facilities,Does the campus have outdoor seating areas?,"Yes, several shaded seating spaces are available."
Campus Facilities,General Facilities,Where is the parking area?,Parking zones are located across campus.
Campus Facilities,General Facilities,Can I use the sports field?,"Yes, it is open to students unless reserved."
Campus Facilities,General Facilities,Are there prayer facilities for women?,"Yes, each surau has separate prayer spaces."
Campus Facilities,General Facilities,Where do I top up my printing account?,You can top up at printing shops.
Campus Facilities,General Facilities,Does the campus have a lost and found center?,"Yes, the security office manages lost and found items."
Campus Facilities,General Facilities,Where can I buy stationery on campus?,The bookstore and convenience shops sell stationery.
Campus Facilities,General Facilities,Is there a bike rack on campus?,"Yes, bicycle parking is available in several locations."
Campus Facilities,General Facilities,Where can I sit and study outdoors?,Some benches and tables are provided around the lake and walkways.
Campus Facilities,General Facilities,Are water coolers available in academic blocks?,"Yes, most blocks have water dispensers."
Campus Facilities,General Facilities,Can I access the multipurpose hall?,It requires booking through the student office.
Campus Facilities,General Facilities,Where is the football field?,It is located near the sports complex.
Campus Facilities,General Facilities,Where can I dispose of recyclables?,Recycling bins are placed across campus.
Campus Facilities,General Facilities,Is there a shuttle stop near the library?,"Yes, a stop is located close to the library area."
Campus Facilities,General Facilities,How do I find the lecture theater?,Check your timetable for the block and room code.
Campus Facilities,General Facilities,Are there resting pods in UTP?,Some study areas have comfortable seating for rest.
Campus Facilities,General Facilities,Where can I heat my food?,Some cafeterias provide microwaves.
Campus Facilities,General Facilities,Are water dispensers free for use?,"Yes, they are free for all students."
Campus Facilities,General Facilities,How do I access the student recreation center?,Show your student ID at the entrance.
Campus Facilities,General Facilities,Is there a place to study 24/7?,Some study areas may be open late; check availability.
Campus Facilities,General Facilities,Where can I find the campus map?,It is available on the UTP website and information boards.
Campus Facilities,General Facilities,How do I report facility damage?,Inform the facilities management unit.
Campus Facilities,General Facilities,Are lockers available for students?,Some blocks may offer lockers for temporary use.
Campus Facilities,General Facilities,Where can I buy food after 10 PM?,Some cafés and vending machines remain open late.
Campus Facilities,General Facilities,Is there a charging station for devices?,"Yes, some study areas have charging ports."
Campus Facilities,General Facilities,Where is the nearest toilet?,Toilets are located on each floor of academic blocks.
Campus Facilities,General Facilities,How do I access the multipurpose sports courts?,Book through the sports unit.
Campus Facilities,General Facilities,Where is the lake area?,It is located at the center of the campus.
Campus Facilities,General Facilities,Are umbrella-sharing racks available?,Some areas provide umbrella stands.
Campus Facilities,General Facilities,Does the campus have wheelchair access?,"Yes, ramps and lifts are available in most buildings."
Accommodation,General Inquiries,How do I apply for on-campus accommodation?,Apply through the UTP accommodation portal.
Accommodation,General Inquiries,When does accommodation application open?,Dates are announced by the Residential Unit.
Accommodation,General Inquiries,Can I choose my room?,You can select options based on availability.
Accommodation,General Inquiries,How much is the fee for Village 1?,The rates are listed on the accommodation website.
Accommodation,General Inquiries,Are single rooms available?,"Yes, but limited and subject to availability."
Accommodation,General Inquiries,Can I request to stay with a friend?,"Yes, you can request a roommate during application."
Accommodation,General Inquiries,How do I check my room assignment?,Room assignments appear in the accommodation portal.
Accommodation,General Inquiries,When can I check into my room?,Check-in dates are provided before each semester.
Accommodation,General Inquiries,Can I stay in the village during semester break?,Limited stay is allowed with approval.
Accommodation,General Inquiries,How do I extend my stay?,Submit a stay extension request to the accommodation office.
Accommodation,General Inquiries,Where do I collect my room key?,Collect it at the village office during check-in.
Accommodation,General Inquiries,Can I move to another room?,Room change requests must be approved by management.
Accommodation,General Inquiries,How do I know my village number?,Your assigned village is shown in the portal.
Accommodation,General Inquiries,Are first-year students guaranteed accommodation?,"Usually yes, depending on availability."
Accommodation,General Inquiries,Can I stay off-campus?,"Yes, students may choose to stay off-campus."
Accommodation,General Inquiries,How do I appeal for housing if slots are full?,Submit an appeal form to the accommodation office.
Accommodation,General Inquiries,Can I choose a lower floor room?,Requests are subject to availability.
Accommodation,General Inquiries,Is Wi-Fi provided in hostels?,"Yes, campus Wi-Fi covers residential villages."
Accommodation,General Inquiries,Is parking available for residents?,Parking spaces are available near the villages.
Accommodation,General Inquiries,Are there shops in the residential area?,"Yes, convenience stores and cafes are nearby."
Accommodation,General Inquiries,Are visitors allowed?,Visitor access is limited and regulated.
Accommodation,General Inquiries,How do I update my personal details?,Update your profile in the student portal.
Accommodation,General Inquiries,Can I stay in the same room next semester?,You may apply for room continuation.
Accommodation,General Inquiries,Where can I find the village office?,Each village has its own management office.
Accommodation,General Inquiries,How many people share a room?,Most rooms are shared by two students.
Accommodation,General Inquiries,Are mattresses provided?,"Yes, basic furniture is included."
Accommodation,General Inquiries,Can I bring my own furniture?,Only small personal items are allowed.
Accommodation,General Inquiries,Is there a curfew?,Residential gates usually close at specific hours.
Accommodation,General Inquiries,Can I cancel my accommodation?,"Yes, submit a cancellation request to management."
Accommodation,General Inquiries,Is there a shuttle bus nearby?,"Yes, shuttle stops are located near villages."
Accommodation,General Inquiries,Are laundry machines provided?,"Yes, each village has self-service laundry."
Accommodation,General Inquiries,Can I request a female-only room?,"Yes, gender-based room assignments are provided."
Accommodation,General Inquiries,Can I return to the hostel late at night?,Entry is allowed but subject to gate operating hours.
Accommodation,General Inquiries,How do I report lost items?,Submit a report to the village office or security.
Accommodation,General Inquiries,Are the villages wheelchair accessible?,Some villages have accessible facilities.
Accommodation,General Inquiries,Can final-year students stay on-campus?,"Yes, subject to available rooms."
Accommodation,General Inquiries,How do I get help after office hours?,Contact the on-duty warden or security.
Accommodation,General Inquiries,Are there student lounges in the villages?,"Yes, common areas are available for residents."
Accommodation,General Inquiries,Can I bring my bicycle?,"Yes, bicycle racks are available."
Accommodation,General Inquiries,How do I apply for room swapping?,Submit a request form to the accommodation office.
Accommodation,General Inquiries,Where can I find the accommodation rules?,The rules are provided in the student handbook.
Accommodation,General Inquiries,Are pillows provided?,Students must bring their own pillows and bedding.
Accommodation,General Inquiries,Can first-year students stay off-campus?,It depends on university policy.
Accommodation,General Inquiries,How do I know if my room is ready?,You will be notified through official email.
Accommodation,Maintenance & Services,How do I report a broken fan?,Use the online maintenance request system.
Accommodation,Maintenance & Services,My air conditioner is not working; what should I do?,File a maintenance report through the portal.
Accommodation,Maintenance & Services,Who fixes electrical issues in my room?,The maintenance team handles electrical repairs.
Accommodation,Maintenance & Services,How long do repairs usually take?,It depends on issue severity and team availability.
Accommodation,Maintenance & Services,How do I request room cleaning?,"Cleaning is scheduled, but you may request extra."
Accommodation,Maintenance & Services,My door lock is faulty. What should I do?,Report it to the village office immediately.
Accommodation,Maintenance & Services,Who do I contact during emergencies?,Contact the warden or campus security.
Accommodation,Maintenance & Services,The toilet is clogged. How do I report it?,Submit a maintenance request.
Accommodation,Maintenance & Services,The lights in my room are not working.,Report it via the maintenance system.
Accommodation,Maintenance & Services,Where can I borrow cleaning tools?,Some villages provide shared cleaning equipment.
Accommodation,Maintenance & Services,Who maintains the laundry machines?,The facilities team manages laundry repairs.
Accommodation,Maintenance & Services,How do I report pest problems?,Inform the village office for pest control service.
Accommodation,Maintenance & Services,Can I request a room inspection?,"Yes, ask the village staff to arrange one."
Accommodation,Maintenance & Services,My roommate damaged a furniture item. What now?,Report it to the village office for assessment.
Accommodation,Maintenance & Services,What if my room has water leakage?,File a maintenance request as soon as possible.
Accommodation,Maintenance & Services,Who is in charge of village facilities?,The residential services team manages them.
Accommodation,Maintenance & Services,How do I know the repair status?,Check the status in the maintenance portal.
Accommodation,Maintenance & Services,Is Wi-Fi maintenance included?,Wi-Fi issues are handled by ICT services.
Accommodation,Maintenance & Services,How do I request mattress replacement?,Submit a request through the residential office.
Accommodation,Maintenance & Services,Who cleans the common areas?,The housekeeping team handles common spaces.
Accommodation,Maintenance & Services,My room is too cold/hot. What can I do?,Adjust the air conditioning or report if faulty.
Accommodation,Maintenance & Services,How often is housekeeping done?,Cleaning schedules vary by village.
Accommodation,Maintenance & Services,The water heater isn’t working.,File a maintenance report immediately.
Accommodation,Maintenance & Services,How do I report noise complaints?,Contact the warden or village office.
Accommodation,Maintenance & Services,Can I request a room repaint?,Only for justified maintenance reasons.
Accommodation,Maintenance & Services,Is the lift maintained regularly?,"Yes, it follows a scheduled maintenance plan."
Accommodation,Maintenance & Services,What if the lift breaks down?,Report to the village office or security.
Accommodation,Maintenance & Services,How do I request bed replacement?,Submit the request to the residential unit.
Accommodation,Maintenance & Services,Who handles plumbing issues?,The facilities and maintenance team.
Accommodation,Rules,Are visitors allowed in the rooms?,Visitor access is limited to designated hours.
Accommodation,Rules,Can I cook inside my room?,Cooking is restricted to pantry areas.
Accommodation,Rules,Are pets allowed?,"No, pets are strictly prohibited."
Accommodation,Rules,What are the quiet hours?,Quiet hours are usually at night; check village rules.
Accommodation,Rules,Can I decorate my room?,"Yes, but avoid damaging walls or furniture."
Accommodation,Rules,Is smoking allowed in the village?,Smoking is prohibited in all rooms.
Accommodation,Rules,Can I bring an electric kettle?,Only approved electrical appliances are allowed.
Accommodation,Rules,What happens if I damage property?,You may be charged a repair fee.
Accommodation,Rules,Can I stay out past curfew?,Residential gates follow specific closing hours.
Accommodation,Rules,Is alcohol allowed in the room?,"No, alcohol is strictly prohibited on campus."
Accommodation,Rules,Can I use loudspeakers?,Keep volume low to avoid disturbing others.
Accommodation,Rules,What happens if I lose my room key?,Report it and request a key replacement.
Accommodation,Rules,Can I host overnight guests?,Overnight guest stays are not permitted.
Accommodation,Rules,Are there rules for using laundry rooms?,"Yes, follow posted guidelines."
Accommodation,Rules,Can I use candles or incense?,No open flames are allowed for safety reasons.
Accommodation,Rules,Can I bring a mini-fridge?,Only if allowed under the appliance guidelines.
Accommodation,Rules,What happens during room inspection?,Staff check cleanliness and rule compliance.
Accommodation,Rules,Am I allowed to rearrange furniture?,"Yes, if no damage is caused."
Accommodation,Rules,Can I leave belongings during holidays?,Only if you have approved stay or storage options.
Accommodation,Rules,What if my roommate breaks rules?,Report it to the warden if necessary.
Accommodation,Rules,Can I hang clothes outside the window?,It is usually not allowed.
Accommodation,Rules,Is gaming equipment allowed?,"Yes, if it does not disturb others."
Accommodation,Rules,What happens if I violate hostel rules?,Disciplinary action may be taken.
Accommodation,Rules,Can I bring a hot plate?,Hot plates are not allowed in rooms.
Accommodation,Rules,Are bicycles allowed inside rooms?,"No, bicycles must be stored outside."
Accommodation,Rules,Can I stay in another room temporarily?,Only with approval from village staff.
Accommodation,Rules,Are room checks done regularly?,"Yes, inspections occur periodically."
Financial Services,Fees,How do I pay my tuition fees online?,You can pay through the Student Portal using online banking.
Financial Services,Fees,When is the deadline for fee payment?,The deadline is stated in your financial statement.
Financial Services,Fees,Can I pay my fees in installments?,"Yes, installment plans are available for eligible students."
Financial Services,Fees,How do I check my outstanding balance?,Check your financial statement in the Student Portal.
Financial Services,Fees,What are the payment methods accepted?,Online banking and selected bank transfers are accepted.
Financial Services,Fees,How do I get my payment receipt?,Download it from the Student Portal after payment.
Financial Services,Fees,What happens if I don’t pay my fees on time?,You may face late penalties or registration holds.
Financial Services,Fees,Can my parents pay the fees on my behalf?,"Yes, anyone can make the payment using your details."
Financial Services,Fees,Is there a penalty for late payment?,"Yes, late fees may be charged."
Financial Services,Fees,How do I request a fee breakdown?,You can find it in your financial section in the student portal.
Financial Services,Fees,How do I update my billing information?,Contact the finance office for updates.
Financial Services,Fees,Do international students pay different fees?,"Yes, fee amounts vary for international students."
Financial Services,Fees,Can I get a refund for overpayment?,"Yes, submit a refund request to the finance office."
Financial Services,Fees,Are there extra fees for lab subjects?,Some courses may include additional charges.
Financial Services,Fees,How do I check if my payment was successful?,It will reflect immediately in your portal once processed.
Financial Services,Fees,How do I contact the finance department?,Use the official finance support email or hotline.
Financial Services,Fees,Can I pay through credit card?,Check the portal for available payment options.
Financial Services,Fees,Where can I see the fee structure?,It is published on the UTP website and portal.
Financial Services,Fees,Are hostel fees paid together with tuition fees?,"Yes, both appear in your student financial statement."
Financial Services,Fees,Can I delay my fee payment?,You may apply for a payment extension.
Financial Services,Fees,Are there penalties for bounced transactions?,"Yes, additional charges may apply."
Financial Services,Fees,How do I print my financial statement?,It can be downloaded from your student portal.
Financial Services,Fees,How do I check past payments?,Payment history is available in your portal.
Financial Services,Fees,Are there additional fees for exam resits?,Some exam types may require payment.
Financial Services,Fees,What should I do if the fee amount looks wrong?,Report the issue to the finance office for verification.
Financial Services,Fees,Can I request financial assistance?,"Yes, you may apply through the scholarship or welfare units."
Financial Services,Fees,Do I have to pay registration fees every semester?,"Yes, each semester includes specific mandatory charges."
Financial Services,Fees,How do I pay for lost student ID fees?,Pay through the finance counter or approved method.
Financial Services,Fees,Can I pay my hostel fee separately from tuition?,"Yes, both can be paid individually."
Financial Services,Fees,Do part-time students pay different fees?,Fee structures vary based on study mode.
Financial Services,Fees,Where do I check my fee due dates?,They are listed in the financial breakdown.
Financial Services,Fees,How do I know if my scholarship covers full fees?,Check your sponsorship offer letter.
Financial Services,Fees,What are miscellaneous fees?,"They include charges like library, IT, and activity fees."
Financial Services,Fees,Can I appeal for fee reduction?,Some cases allow appeals; check with finance.
Financial Services,Fees,How do I pay hostel deposit fees?,It is included in your accommodation charges.
Financial Services,Fees,Are there fees for dropping a course?,Most drops during add/drop are free.
Financial Services,Fees,Are exam remarking fees charged?,"Yes, remarking usually requires a fee."
Financial Services,Fees,Can I get a payment extension due to financial issues?,Submit a written request to finance.
Financial Services,Fees,How do I know if my payment went through?,It will appear in your online statement.
Financial Services,Fees,Who should I contact if the payment portal is down?,Report the issue to ICT or finance support.
Financial Services,Fees,Can I pay fees in cash?,Some payments may allow cash at the finance counter.
Financial Services,Fees,How do I apply for fee exemption?,Only specific programs qualify for exemptions.
Financial Services,Fees,Can I use PTPTN loan to pay my fees?,"Yes, PTPTN funds can cover tuition fees."
Financial Services,Fees,Where do I submit my payment proof?,Upload it through the student portal if required.
Financial Services,Fees,Are hostel electricity charges included?,Basic utilities are usually included.
Financial Services,Fees,How do I check if my sponsor has paid my fees?,Check your account balance in the portal.
Financial Services,Fees,Do I need to pay for orientation?,Orientation fees are included in admission costs.
Financial Services,Fees,Can I pay using e-wallet?,Check the portal for available methods.
Financial Services,Sponsorships & Loans,How do I apply for the YTP scholarship?,Apply through the sponsor’s official website.
Financial Services,Sponsorships & Loans,Where do I submit PTPTN documents?,Submit them through the PTPTN online system.
Financial Services,Sponsorships & Loans,What scholarships are offered in UTP?,UTP offers internal and external sponsorships.
Financial Services,Sponsorships & Loans,How do I know if I qualify for a scholarship?,Check the eligibility criteria on the sponsor’s page.
Financial Services,Sponsorships & Loans,When is the PTPTN application open?,Application periods are announced online.
Financial Services,Sponsorships & Loans,How do I check my loan status?,Log in to your PTPTN or sponsor’s portal.
Financial Services,Sponsorships & Loans,Can I apply for more than one scholarship?,"You may apply, but can only accept one."
Financial Services,Sponsorships & Loans,What documents do I need for PTPTN?,Required documents are listed during application.
Financial Services,Sponsorships & Loans,How long does scholarship approval take?,Processing time depends on the sponsor.
Financial Services,Sponsorships & Loans,Where do I get financial aid forms?,Forms are available at the student financial services office.
Financial Services,Sponsorships & Loans,Can I appeal a rejected scholarship?,Some sponsors allow appeals.
Financial Services,Sponsorships & Loans,How do I receive my allowance?,Allowance is disbursed by your sponsor.
Financial Services,Sponsorships & Loans,What happens if my loan is delayed?,Inform the finance office for temporary support.
Financial Services,Sponsorships & Loans,Can I switch sponsors?,Some sponsorships allow transfers; check their policies.
Financial Services,Sponsorships & Loans,How do I renew my scholarship?,Submit your latest results and documents to the sponsor.
Financial Services,Sponsorships & Loans,What CGPA is needed to maintain my scholarship?,Requirements vary by sponsor.
Financial Services,Sponsorships & Loans,Do sponsors pay fees directly to UTP?,"Yes, most sponsors pay tuition fees directly."
Financial Services,Sponsorships & Loans,How do I update my bank details for allowance?,Update your information with your sponsor.
Financial Services,Sponsorships & Loans,Can international students apply for scholarships?,Some sponsors offer scholarships for international students.
Financial Services,Sponsorships & Loans,What if I lose my sponsorship?,You may apply for financial assistance.
Financial Services,Sponsorships & Loans,How do I request a sponsorship verification letter?,Request it from the student services center.
Financial Services,Sponsorships & Loans,What is the PTPTN loan coverage?,It covers tuition fees and partial living expenses.
Financial Services,Sponsorships & Loans,Can part-time students apply for PTPTN?,PTPTN is for full-time students only.
Financial Services,Sponsorships & Loans,Do I need a guarantor for scholarships?,Some sponsorships require a guarantor.
Financial Services,Sponsorships & Loans,How do I cancel my PTPTN loan?,Submit a cancellation request to PTPTN.
Financial Services,Sponsorships & Loans,How do I apply for zakat financial aid?,Apply through the respective state zakat office.
Financial Services,Sponsorships & Loans,How do I confirm if my allowance is in?,Check your bank account or contact your sponsor.
Financial Services,Sponsorships & Loans,Can I change my loan amount?,Some loans allow adjustment during renewal.
Financial Services,Sponsorships & Loans,What should I do if my allowance is late?,Contact your sponsor’s support center.
Financial Services,Sponsorships & Loans,How do I prove my student status for sponsors?,Download your confirmation letter from the portal.
Financial Services,Sponsorships & Loans,What scholarships does Petronas offer?,PETRONAS offers various undergraduate sponsorships.
Financial Services,Sponsorships & Loans,Are loans available for foundation students?,Some financial institutions offer them.
Financial Services,Sponsorships & Loans,How do I apply for B40 financial aid?,Apply through the university’s welfare unit.
Financial Services,Sponsorships & Loans,Can I take a private loan to pay my fees?,"Yes, through approved financial institutions."
Financial Services,Sponsorships & Loans,What if I fail to meet the scholarship requirements?,You may be put on probation or lose the award.
Financial Services,Sponsorships & Loans,How do I contact PTPTN support?,Through the PTPTN hotline or email.
Financial Services,Sponsorships & Loans,How can I know the sponsorship conditions?,Check your offer letter.
Financial Services,Sponsorships & Loans,Can I reapply for PTPTN if rejected?,"Yes, during the next application cycle."
Financial Services,Sponsorships & Loans,How do I request a financial statement for my sponsor?,Download it from the portal.
Financial Services,Sponsorships & Loans,Can I use scholarship money for books?,"Yes, depending on your sponsor’s guidelines."
Financial Services,Sponsorships & Loans,Do I need to submit receipts to my sponsor?,Some sponsors may require proof of expenses.
Financial Services,Sponsorships & Loans,What is the minimum CGPA for most scholarships?,"Requirements vary, but most require a good academic standing."
Financial Services,Sponsorships & Loans,Can I apply for sponsorship every semester?,"Yes, if the scholarship is open for applications."
Financial Services,Sponsorships & Loans,How do I submit my transcript to sponsors?,Download it from the portal and email it to them.
Student Life,Clubs & Societies,How do I join a club in UTP?,You can register through the club during recruitment drive events.
Student Life,Clubs & Societies,Where can I find the list of active clubs?,The list is available on the student activities portal.
Student Life,Clubs & Societies,How do I contact a club president?,Their contact details are usually listed on the club’s page.
Student Life,Clubs & Societies,Can I join more than one club?,"Yes, students may join multiple clubs."
Student Life,Clubs & Societies,How do I start a new club?,Submit a proposal to the Student Support and Development office.
Student Life,Clubs & Societies,When is the club recruitment week?,Recruitment normally happens at the start of each semester.
Student Life,Clubs & Societies,How do I register for club events?,Event registration links are shared through social media or email.
Student Life,Clubs & Societies,Are club activities compulsory?,"No, participation is voluntary."
Student Life,Clubs & Societies,Where do clubs usually meet?,Meetings are held in booked classrooms or student activity rooms.
Student Life,Clubs & Societies,How do I become a club committee member?,Apply during club elections or open calls.
Student Life,Clubs & Societies,Are there sports clubs available?,"Yes, UTP has many sports-related clubs."
Student Life,Clubs & Societies,How do I know if a club is open for new members?,Clubs announce recruitment through posters and social media.
Student Life,Clubs & Societies,Do clubs collect membership fees?,Some clubs may charge small annual fees.
Student Life,Clubs & Societies,Can international students join clubs?,"Yes, all students are welcome to join."
Student Life,Clubs & Societies,How do I book a room for a club meeting?,Submit a venue booking request through the student office.
Student Life,Clubs & Societies,Are club activities held on weekends?,Some clubs conduct weekend activities.
Student Life,Clubs & Societies,How do I join the Student Representative Council (SRC)?,SRC holds elections yearly; students can run for positions.
Student Life,Clubs & Societies,Can clubs organize trips?,"Yes, with approval from the student office."
Student Life,Clubs & Societies,Who approves club events?,Events require approval from the Student Support & Development office.
Student Life,Clubs & Societies,How do I volunteer for campus events?,Check volunteer calls from clubs or event organizers.
Student Life,Clubs & Societies,Are cultural clubs available?,"Yes, several cultural and arts clubs exist."
Student Life,Clubs & Societies,How do I submit an event proposal?,Clubs must submit proposals through the student portal.
Student Life,Clubs & Societies,What is the budget allocation for clubs?,Budgets depend on club needs and approvals.
Student Life,Clubs & Societies,How do I get a club participation certificate?,Request it from the club after the event.
Student Life,Clubs & Societies,Can non-members join club events?,Some events are open to all students.
Student Life,Clubs & Societies,How do I check upcoming events?,Follow the clubs’ social media pages.
Student Life,Clubs & Societies,Are academic-based clubs available?,"Yes, many courses have related societies."
Student Life,Clubs & Societies,How do I report issues in a club?,Contact the Student Support & Development office.
Student Life,Clubs & Societies,Can I join a club mid-semester?,"Yes, if the club accepts new members."
Student Life,Clubs & Societies,How do clubs communicate updates?,"Usually through WhatsApp, Telegram, or social media."
Student Life,Transportation,What is the shuttle bus schedule?,The schedule is posted on the UTP transport notice board.
Student Life,Transportation,Where is the shuttle pickup point?,Shuttle stops are located around key campus areas.
Student Life,Transportation,How do I apply for a vehicle sticker?,Apply through the security office portal.
Student Life,Transportation,Can I bring my car to campus?,"Yes, with a valid parking sticker."
Student Life,Transportation,Where can I park on campus?,Use designated parking zones for students.
Student Life,Transportation,Is there parking near the library?,"Yes, parking is available near academic buildings."
Student Life,Transportation,Are motorcycles allowed on campus?,"Yes, motorcycles require a registered sticker as well."
Student Life,Transportation,How do I report illegal parking?,Report to campus security.
Student Life,Transportation,Is there a shuttle to the residential villages?,"Yes, shuttles connect academic and residential areas."
Student Life,Transportation,Are shuttle buses free?,"Yes, shuttle service is free for students."
Student Life,Transportation,How do I check real-time bus updates?,Updates are usually posted on official channels.
Student Life,Transportation,What should I do if I miss the shuttle?,Wait for the next scheduled bus.
Student Life,Transportation,How late do the shuttle buses run?,Timings vary; check the latest schedule.
Student Life,Transportation,Is there transportation to town?,Special bus trips may be available on certain days.
Student Life,Transportation,Are bicycles allowed on campus?,"Yes, bicycles are permitted."
Student Life,Transportation,Where can I park my bicycle?,Bicycle racks are located around campus.
Student Life,Transportation,Are Grab or taxis allowed inside campus?,"Yes, they can enter designated pickup points."
Student Life,Transportation,How do I report a lost item on a shuttle?,Contact the transport office or security.
Student Life,Transportation,Is there a campus e-scooter service?,Some areas may offer shared mobility services.
Student Life,Transportation,Can I request a shuttle for special events?,Requests must be made through the student office.
Student Life,Transportation,Are there shuttle services during weekends?,Weekend schedules may differ.
Student Life,Transportation,What should I do if the bus doesn’t arrive?,Contact the transport office hotline.
Student Life,Transportation,How do I know which shuttle goes where?,Routes and maps are shown on the transport notice board.
Student Life,Transportation,Is carpooling allowed?,"Yes, students often carpool informally."
Student Life,Transportation,Can I bring an electric scooter?,Check with campus security for regulations.
Student Life,Dining,What cafes are open after 10 PM?,Some cafés and convenience stores remain open late.
Student Life,Dining,Where is the main cafeteria?,It is located near the central academic area.
Student Life,Dining,Are there halal dining options?,"Yes, all campus cafés follow halal guidelines."
Student Life,Dining,Is there vegetarian food on campus?,Several cafés offer vegetarian meals.
Student Life,Dining,How do I know today’s cafeteria menu?,Some cafés post daily menus on social media.
Student Life,Dining,Are food prices student-friendly?,Most stalls offer affordable student pricing.
Student Life,Dining,Can I bring outside food into the cafeteria?,"Yes, it is usually allowed."
Student Life,Dining,Are microwaves available for reheating food?,Some cafés provide microwaves for student use.
Student Life,Dining,Where can I get breakfast early in the morning?,Certain cafés open early for breakfast.
Student Life,Dining,Does UTP have fast-food outlets?,Some fast-food options may be available in the commercial area.
Student Life,Dining,Where can I find vending machines?,Vending machines are located in academic and residential areas.
Student Life,Dining,Is water refill available on campus?,"Yes, refill stations are placed around campus."
Student Life,Dining,Are there cafés near the library?,"Yes, several cafés are within walking distance."
Student Life,Dining,What are the busiest dining hours?,Lunch hours are typically the busiest.
Student Life,Dining,Do cafés accept cashless payments?,Many cafés accept e-wallets and card payments.
Student Life,Dining,Can I order food delivery to campus?,"Yes, delivery riders can enter designated areas."
Student Life,Dining,Where can I find a quiet place to eat?,Some cafés have designated quiet dining sections.
Student Life,Dining,Are there healthy food options?,Many stalls offer balanced meal choices.
Student Life,Dining,Which café serves Western food?,Several stalls offer Western-style meals.
Student Life,Dining,Can I book a café for a club event?,Some cafés allow event bookings with prior approval.
Student Life,Dining,Is the cafeteria open on weekends?,Selected stalls remain open during weekends.
Student Life,Dining,Are drinks refillable?,It depends on the café.
Student Life,Dining,Is there a place to eat late at night?,Some convenience stores and vending machines are open late.
Student Life,Dining,Where can I eat if I have food allergies?,Ask cafés about ingredients before ordering.
Student Life,Dining,Are there dessert shops on campus?,Some cafés sell desserts and snacks.
Student Life,Dining,Can I get packed meals?,"Yes, many cafés offer takeaway."
Student Life,Dining,Where can I find snacks between classes?,Vending machines and small kiosks sell snacks.
Student Life,Dining,Are the cafés air-conditioned?,"Some cafés are air-conditioned, others are open-air."
Student Life,Dining,Can I bring my own reusable container?,"Yes, most cafés encourage reusable containers."
Student Life,Dining,Are there water dispensers in academic blocks?,"Yes, water dispensers are available in most buildings."
Student Life,Dining,Which café serves the cheapest meals?,Prices vary by stall and menu.
Student Life,Dining,Is there a student-run café?,Some semesters feature student-run food projects.
Student Life,Dining,How do I give feedback about a café?,Contact the café management or student services.
IT & Technical Support,Access & Connectivity,How do I reset my UTP Wi-Fi password?,Go to IT portal and reset it.
IT & Technical Support,Access & Connectivity,Why can't I connect to the campus Wi-Fi on my laptop?,Check credentials and network settings.
IT & Technical Support,Access & Connectivity,How can I access the UTP VPN from home?,Install VPN client and log in.
IT & Technical Support,Access & Connectivity,What should I do if my Wi-Fi connection keeps dropping?,Restart device or contact IT.
IT & Technical Support,Access & Connectivity,Can I use my phone to connect to the UTP network?,"Yes, register it in IT portal."
IT & Technical Support,Access & Connectivity,How do I recover my forgotten student account password?,Use “Forgot Password” link.
IT & Technical Support,Access & Connectivity,Why am I unable to log in to my email on my mobile phone?,Check account settings.
IT & Technical Support,Access & Connectivity,How many devices can I connect to UTP Wi-Fi at once?,Usually up to 3 devices.
IT & Technical Support,Access & Connectivity,Is there a way to check my Wi-Fi usage on campus?,Check usage in IT portal.
IT & Technical Support,Access & Connectivity,Can I access the UTP network using a gaming console?,Register the device in IT portal.
IT & Technical Support,Access & Connectivity,How do I connect to the campus Wi-Fi on a MacBook?,Follow IT portal instructions.
IT & Technical Support,Access & Connectivity,Can I access Wi-Fi in all areas of the campus?,Most areas have coverage.
IT & Technical Support,Access & Connectivity,How do I set up my UTP email on Outlook?,Add account and enter credentials.
IT & Technical Support,Access & Connectivity,What is Eduroam and how can I use it at UTP?,Register device and connect.
IT & Technical Support,Access & Connectivity,How do I change my Wi-Fi password?,Change it in IT portal.
IT & Technical Support,Access & Connectivity,Why am I getting “authentication failed” when connecting to Wi-Fi?,Check username and password.
IT & Technical Support,Access & Connectivity,How do I report Wi-Fi issues on campus?,Contact IT helpdesk.
IT & Technical Support,Access & Connectivity,Can I use my own router to connect to campus network?,"No, only approved devices allowed."
IT & Technical Support,Access & Connectivity,How do I register my device for Wi-Fi access?,Use IT portal device registration.
IT & Technical Support,Access & Connectivity,How long does it take to activate Wi-Fi for a new device?,Usually a few minutes.
IT & Technical Support,Access & Connectivity,"My Wi-Fi is slow in certain areas, what can I do?",Move closer or contact IT.
IT & Technical Support,Access & Connectivity,Can I connect to Wi-Fi during exams?,"Yes, with registered devices."
IT & Technical Support,Access & Connectivity,How do I disconnect a device from campus Wi-Fi?,Remove it in IT portal.
IT & Technical Support,Access & Connectivity,Can I use multiple accounts on the same device?,"No, one account per device."
IT & Technical Support,Access & Connectivity,How do I fix Wi-Fi “limited access” error?,Check credentials or contact IT.
IT & Technical Support,Access & Connectivity,Is campus Wi-Fi free?,"Yes, for students."
IT & Technical Support,Access & Connectivity,How do I enable VPN on mobile?,Install app and log in.
IT & Technical Support,Access & Connectivity,"My Wi-Fi disconnects at night, why?",Maintenance or signal issue.
IT & Technical Support,Access & Connectivity,Can visitors use UTP Wi-Fi?,Only via guest account.
IT & Technical Support,Access & Connectivity,How do I switch from UTP Wi-Fi to Eduroam?,Connect with Eduroam credentials.
IT & Technical Support,Access & Connectivity,Can I save Wi-Fi password on campus devices?,"Yes, on personal devices."
IT & Technical Support,Access & Connectivity,How do I update my Wi-Fi profile?,Update in IT portal.
IT & Technical Support,Access & Connectivity,"My Wi-Fi shows “Unknown Network”, what should I do?",Restart device and reconnect.
IT & Technical Support,Access & Connectivity,How do I check Wi-Fi signal strength on campus?,Use device Wi-Fi settings.
IT & Technical Support,Access & Connectivity,Can I connect my tablet to UTP Wi-Fi?,"Yes, register it first."
IT & Technical Support,Access & Connectivity,How do I remove old devices from Wi-Fi list?,Delete in IT portal.
IT & Technical Support,Access & Connectivity,"My Wi-Fi password isn’t working, what now?",Reset in IT portal.
IT & Technical Support,Access & Connectivity,Can I use public Wi-Fi on campus?,"No, only UTP network."
IT & Technical Support,Access & Connectivity,How do I access Wi-Fi in labs?,Use campus credentials.
IT & Technical Support,Access & Connectivity,"My Wi-Fi disconnects during video calls, what to do?",Check signal and reconnect.
IT & Technical Support,Software & Hardware,How do I install Microsoft Office provided by UTP?,Download from IT portal.
IT & Technical Support,Software & Hardware,My laptop is running slowly. What should I do?,Restart or clear files.
IT & Technical Support,Software & Hardware,How can I access MATLAB for my courses?,Download from IT portal.
IT & Technical Support,Software & Hardware,Can I get help if my laptop won't start?,Contact IT support.
IT & Technical Support,Software & Hardware,How do I update my antivirus software on campus devices?,Use IT updater.
IT & Technical Support,Software & Hardware,Where can I print documents from my laptop?,Use campus printers.
IT & Technical Support,Software & Hardware,My software license expired. How do I renew it?,Renew in IT portal.
IT & Technical Support,Software & Hardware,Can I borrow a laptop from UTP IT support?,"Yes, check IT helpdesk."
IT & Technical Support,Software & Hardware,How do I recover deleted files from my student account?,Check cloud backup.
IT & Technical Support,Software & Hardware,Why can't I install software on my university laptop?,Contact IT for permission.
IT & Technical Support,Software & Hardware,How do I connect a USB device to campus computers?,Plug in and follow prompts.
IT & Technical Support,Software & Hardware,Can I get help if my printer is not working?,Contact IT support.
IT & Technical Support,Software & Hardware,How do I update my laptop operating system?,Use built-in updater.
IT & Technical Support,Software & Hardware,Is there free software for students?,Check IT portal.
IT & Technical Support,Software & Hardware,How do I install antivirus on my personal laptop?,Use IT software.
IT & Technical Support,Software & Hardware,Where can I find tutorials for campus software?,IT portal has guides.
IT & Technical Support,Software & Hardware,How do I connect a projector to my laptop in classrooms?,Follow instructions in room.
IT & Technical Support,Software & Hardware,"My laptop screen is flickering, what should I do?",Restart or contact IT.
IT & Technical Support,Software & Hardware,Can I access campus software from home?,"Yes, via VPN or IT portal."
IT & Technical Support,Software & Hardware,How do I request new software for my course?,Submit request in IT portal.
IT & Technical Support,Software & Hardware,How do I install Zoom on campus computers?,Download from IT portal.
IT & Technical Support,Software & Hardware,Can I upgrade my laptop RAM with IT approval?,"Yes, with permission."
IT & Technical Support,Software & Hardware,How do I troubleshoot printer jams?,Follow instructions or contact IT.
IT & Technical Support,Software & Hardware,How do I connect a scanner to my laptop?,Plug in and install driver.
IT & Technical Support,Software & Hardware,How do I share files securely with classmates?,Use IT-approved cloud service.
IT & Technical Support,Software & Hardware,How do I reset my campus account password on a computer?,Use “Forgot Password” in IT portal.
IT & Technical Support,Software & Hardware,How do I request IT support?,Submit ticket via IT portal.
IT & Technical Support,Software & Hardware,"My software is crashing, what should I do?",Restart or contact IT.
IT & Technical Support,Software & Hardware,How do I install Python for my coursework?,Download via IT portal.
IT & Technical Support,Software & Hardware,How do I check if my laptop meets course software requirements?,Compare specs with IT portal guide.
IT & Technical Support,Software & Hardware,Can IT help me recover a corrupted file?,"Yes, submit a ticket."
IT & Technical Support,Software & Hardware,How do I install AutoCAD on my laptop?,Download from IT portal.
IT & Technical Support,Software & Hardware,How do I request a new email alias?,Submit request in IT portal.
IT & Technical Support,Software & Hardware,"My laptop battery drains fast, what should I do?",Check power settings or IT.
IT & Technical Support,Software & Hardware,Can I get a software license for personal use?,Only via IT portal.
IT & Technical Support,Software & Hardware,How do I connect to the campus VPN on Linux?,Follow IT Linux VPN guide.
IT & Technical Support,Software & Hardware,Can IT help with hardware repairs?,"Yes, visit IT helpdesk."
IT & Technical Support,Software & Hardware,How do I install Adobe Creative Cloud?,Download from IT portal.
"Health, Safety & Emergency",Health,How do I make an appointment at the UTP Health Centre?,Call or book online via the Health Centre portal.
"Health, Safety & Emergency",Health,What are the operating hours of the UTP clinic?,The clinic is open from 8 AM to 5 PM on weekdays.
"Health, Safety & Emergency",Health,Can I see a doctor without an appointment?,"Walk-ins are accepted, but waiting times may apply."
"Health, Safety & Emergency",Health,How do I get a medical certificate?,Request it from the doctor after consultation.
"Health, Safety & Emergency",Health,Is there a nurse available at the Health Centre?,"Yes, nurses are available during clinic hours."
"Health, Safety & Emergency",Health,How do I get vaccinated on campus?,Book an appointment at the Health Centre.
"Health, Safety & Emergency",Health,Can I get a COVID-19 test on campus?,"Yes, testing is available at the Health Centre."
"Health, Safety & Emergency",Health,How do I report a food allergy issue in campus dining?,Inform the Health Centre or the cafeteria staff.
"Health, Safety & Emergency",Health,Are mental health services available at UTP?,"Yes, counselling and support are offered at the Health Centre."
"Health, Safety & Emergency",Health,How do I book a counselling session?,Book via the Health Centre portal or call directly.
"Health, Safety & Emergency",Health,Can international students access the Health Centre?,"Yes, all students can access services."
"Health, Safety & Emergency",Health,Are medications available at the campus clinic?,Basic medications are provided on prescription.
"Health, Safety & Emergency",Health,How do I get emergency medical help on campus?,Call the Health Centre or campus security immediately.
"Health, Safety & Emergency",Health,Is the Health Centre covered by student insurance?,"Yes, basic services are covered for enrolled students."
"Health, Safety & Emergency",Health,Can I get a check-up before exams?,"Yes, book an appointment with the Health Centre."
"Health, Safety & Emergency",Health,How do I request a blood test?,Book through the Health Centre.
"Health, Safety & Emergency",Health,Can the Health Centre provide physiotherapy?,"Yes, limited physiotherapy services are available."
"Health, Safety & Emergency",Health,How do I get medical advice after clinic hours?,Call campus security or use the emergency hotline.
"Health, Safety & Emergency",Health,Can I get a flu vaccine on campus?,"Yes, during vaccination campaigns."
"Health, Safety & Emergency",Health,How do I report an outbreak of illness?,Inform the Health Centre immediately.
"Health, Safety & Emergency",Health,Is there a dentist on campus?,Dental services are available through scheduled visits.
"Health, Safety & Emergency",Health,How do I book an eye check-up?,Contact the Health Centre for referral.
"Health, Safety & Emergency",Health,Can I get physiotherapy for sports injuries?,"Yes, available at the Health Centre."
"Health, Safety & Emergency",Health,How do I get mental health support for stress?,Book counselling at the Health Centre.
"Health, Safety & Emergency",Health,Are health workshops held on campus?,"Yes, check Health Centre announcements."
"Health, Safety & Emergency",Health,Can I get travel vaccinations here?,"Yes, some travel vaccines are available by appointment."
"Health, Safety & Emergency",Health,How do I get a prescription refill?,Request it at the Health Centre.
"Health, Safety & Emergency",Health,Are health services free for students?,Basic services are free; some tests may have fees.
"Health, Safety & Emergency",Health,Can I access my medical records online?,"Yes, via the Health Centre portal."
"Health, Safety & Emergency",Health,How do I get tested for chronic conditions?,Book a lab test at the Health Centre.
"Health, Safety & Emergency",Health,Are vaccination records kept on campus?,"Yes, all student records are maintained."
"Health, Safety & Emergency",Health,How do I report a contagious illness?,Inform the Health Centre immediately.
"Health, Safety & Emergency",Health,Can I consult a doctor virtually?,"Yes, telemedicine is available for students."
"Health, Safety & Emergency",Health,How do I get help for sleep problems?,Book a session with the Health Centre counsellor.
"Health, Safety & Emergency",Health,Can I get nutritional advice on campus?,"Yes, available via Health Centre services."
"Health, Safety & Emergency",Health,How do I access student health insurance?,Register via the Student Affairs office.
"Health, Safety & Emergency",Health,Is there support for students with chronic illness?,"Yes, through the Health Centre."
"Health, Safety & Emergency",Health,How do I report a health emergency in class?,Call campus security or the Health Centre immediately.
"Health, Safety & Emergency",Health,Are there health awareness campaigns?,"Yes, organized by the Health Centre periodically."
"Health, Safety & Emergency",Health,How do I request a specialist referral?,Book through the Health Centre doctor.
"Health, Safety & Emergency",Health,Can I get first aid training on campus?,"Yes, workshops are organized periodically."
"Health, Safety & Emergency",Health,How do I deal with minor injuries on campus?,Visit the Health Centre for first aid.
"Health, Safety & Emergency",Health,Can I get vaccination updates from the Health Centre?,"Yes, check announcements online."
"Health, Safety & Emergency",Health,Are there allergy-friendly food options?,"Yes, available in selected cafés."
"Health, Safety & Emergency",Health,How do I book a COVID-19 booster shot?,Schedule via the Health Centre portal.
"Health, Safety & Emergency",Health,Can I get counselling for exam stress?,"Yes, book a session at the Health Centre."
"Health, Safety & Emergency",Health,How do I report food poisoning?,Contact the Health Centre immediately.
"Health, Safety & Emergency",Health,Are health tips shared online?,"Yes, through the Health Centre’s social media."
"Health, Safety & Emergency",Health,Can I get help for headaches or migraines?,Visit the Health Centre for consultation.
"Health, Safety & Emergency",Health,How do I check if a medication is available?,Call or check the Health Centre portal.
"Health, Safety & Emergency",Health,Can students with disabilities get health support?,"Yes, services are available at the Health Centre."
"Health, Safety & Emergency",Health,How do I report a sports injury?,Inform the Health Centre immediately.
"Health, Safety & Emergency",Health,Can I get reproductive health advice on campus?,"Yes, through counselling sessions."
"Health, Safety & Emergency",Safety,How do I report a fire on campus?,Call the emergency hotline immediately.
"Health, Safety & Emergency",Safety,Where are the fire extinguishers located?,They are placed in every building and hallway.
"Health, Safety & Emergency",Safety,Are emergency exits clearly marked?,"Yes, all exits are marked with signs."
"Health, Safety & Emergency",Safety,How do I contact campus security?,Call the security hotline or visit their office.
"Health, Safety & Emergency",Safety,What should I do in case of an earthquake?,Follow evacuation procedures and go to safe areas.
"Health, Safety & Emergency",Safety,Are first aid kits available on campus?,"Yes, in all academic and residential buildings."
"Health, Safety & Emergency",Safety,How do I report a suspicious person?,Contact campus security immediately.
"Health, Safety & Emergency",Safety,Are fire drills conducted regularly?,"Yes, drills are scheduled periodically."
"Health, Safety & Emergency",Safety,How do I evacuate during a fire alarm?,Follow exit signs and staff instructions.
"Health, Safety & Emergency",Safety,Where is the nearest defibrillator?,Locations are listed in each building.
"Health, Safety & Emergency",Safety,Can I get self-defense training on campus?,"Yes, workshops are occasionally offered."
"Health, Safety & Emergency",Safety,How do I report a campus accident?,Contact security or Health Centre immediately.
"Health, Safety & Emergency",Safety,Are there CCTV cameras on campus?,"Yes, in most public areas."
"Health, Safety & Emergency",Safety,How do I report unsafe facilities?,Submit a report to campus maintenance or security.
"Health, Safety & Emergency",Safety,What should I do if I see a chemical spill?,Evacuate the area and notify security.
"Health, Safety & Emergency",Safety,How do I report harassment or bullying?,Contact campus security or student affairs.
"Health, Safety & Emergency",Safety,Are there emergency call points on campus?,"Yes, blue emergency phones are available."
"Health, Safety & Emergency",Safety,How do I prepare for a storm warning?,Follow alerts and stay indoors if advised.
"Health, Safety & Emergency",Safety,How do I report a lost or stolen item?,Inform security immediately.
"Health, Safety & Emergency",Safety,Are there safety escorts at night?,"Yes, campus security provides escort services."
"Health, Safety & Emergency",Safety,How do I report a broken door or window?,Notify campus maintenance.
"Health, Safety & Emergency",Safety,Can I access emergency numbers online?,"Yes, posted on UTP portal and notice boards."
"Health, Safety & Emergency",Safety,Are fire alarms tested regularly?,"Yes, according to safety regulations."
"Health, Safety & Emergency",Safety,How do I know the emergency evacuation route?,Maps are displayed in every building.
"Health, Safety & Emergency",Safety,Who do I contact in case of flooding?,Contact security or maintenance immediately.
"Health, Safety & Emergency",Safety,Are there safety workshops for students?,"Yes, periodically organized by security."
"Health, Safety & Emergency",Safety,How do I report a power outage?,Inform campus maintenance or security.
"Health, Safety & Emergency",Safety,What do I do if someone faints on campus?,Call Health Centre or security for help.
"Health, Safety & Emergency",Safety,How do I report a lab accident?,Notify lab supervisor and Health Centre.
"Health, Safety & Emergency",Safety,Are there evacuation plans in dorms?,"Yes, posted in all residential buildings."
"Health, Safety & Emergency",Safety,How do I report unsafe behavior in labs?,Contact lab supervisor or security.
"Health, Safety & Emergency",Safety,What should I do if I smell gas on campus?,Evacuate and call security immediately.
"Health, Safety & Emergency",Safety,Are there guidelines for fire safety in dorms?,"Yes, posted in all rooms and common areas."
"Health, Safety & Emergency",Safety,How do I report harassment on the shuttle bus?,Contact campus security.
"Health, Safety & Emergency",Safety,Are there emergency exits in the library?,"Yes, clearly marked."
"Health, Safety & Emergency",Safety,How do I report a road accident on campus?,Call security immediately.
"Health, Safety & Emergency",Safety,Can I get training on using fire extinguishers?,"Yes, training sessions are available."
"Health, Safety & Emergency",Safety,Are emergency procedures posted in classrooms?,"Yes, in every classroom."
"Health, Safety & Emergency",Safety,What should I do during a lightning storm?,Stay indoors and avoid open areas.
"Health, Safety & Emergency",Safety,How do I report a water leakage in a building?,Contact maintenance immediately.
"Health, Safety & Emergency",Safety,Are there emergency drills for earthquakes?,"Yes, conducted periodically."
"Health, Safety & Emergency",Safety,How do I report a medical emergency at night?,Call security or emergency hotline.
"Health, Safety & Emergency",Safety,Are safety signs available in labs?,"Yes, clearly displayed."
"Health, Safety & Emergency",Safety,How do I report fire safety violations?,Contact security or safety office.
"Health, Safety & Emergency",Safety,Are residential areas monitored for safety?,"Yes, security patrols regularly."
"Health, Safety & Emergency",Safety,Can I request a safety escort late at night?,"Yes, contact campus security."
"Health, Safety & Emergency",Safety,How do I know the nearest emergency assembly point?,Posted on building notice boards.
"Health, Safety & Emergency",Safety,How do I report broken safety equipment?,Notify maintenance or security.
"Health, Safety & Emergency",Safety,Are there workshops on personal safety?,"Yes, periodically conducted."
